#Syntax used to create the database

CREATE DATABASE football;

use football;

CREATE TABLE clubs (
    id INTEGER auto_increment,
    club_name VARCHAR(50) NOT NULL,
    PRIMARY KEY (id)
);

INSERT INTO clubs (
	club_name
) VALUES
	('Accrington'),
    ('Aston Villa'),
    ('Blackburn Rovers'),
    ('Bolton Wanderers'),
    ('Burnley'),
    ('Derby County'),
    ('Everton'),
    ('Notts County'),
    ('Preston North End'),
    ('Stoke City'),
    ('West Bromwich Albion'),
    ('Wolverhampton Wanderers'),
    ('Sunderland'),
    ('Darwen')
;

CREATE TABLE teams (
    id INTEGER auto_increment,
    team_name VARCHAR(50) NOT NULL,
    club_id INT NOT NULL,
    PRIMARY KEY (id),
    FOREIGN KEY (club_id) REFERENCES clubs(id)
);

CREATE INDEX team_index ON teams (team_name);

INSERT INTO teams (
	team_name,
    club_id
) VALUES
	('Accrington', 1),
    ('Aston Villa', 2),
    ('Blackburn Rovers', 3),
    ('Bolton Wanderers', 4),
    ('Burnley', 5),
    ('Derby County', 6),
    ('Everton', 7),
    ('Notts County', 8),
    ('Preston North End', 9),
    ('Stoke', 10),
    ('West Bromwich Albion', 11),
    ('Wolverhampton Wanderers', 12),
    ('Sunderland', 13),
    ('Darwen', 14)
;

CREATE TABLE seasons (
    id INTEGER auto_increment,
    season VARCHAR(10) NOT NULL,
    PRIMARY KEY (id)
);

CREATE INDEX season_index ON seasons (season);

INSERT INTO seasons (
	season
) VALUES
	('1888-89'),
	('1889-90'),
	('1890-91'),
	('1891-92')
;

CREATE TABLE divisions (
    id INTEGER auto_increment,
    division VARCHAR(50) NOT NULL,
    abbreviation VARCHAR(5) NOT NULL,
    tier INT NOT NULL,
    PRIMARY KEY (id)
);

CREATE INDEX division_index ON divisions (abbreviation);

INSERT INTO divisions (
	division,
    abbreviation,
    tier
) VALUES
	('Football League', 'FL', 1)
;

CREATE TABLE adjustments (
    id INTEGER auto_increment,
    team_name VARCHAR(50) NOT NULL,
    season VARCHAR(10) NOT NULL,
    division VARCHAR (5) NOT NULL,
    adjustment INT NOT NULL,
    PRIMARY KEY (id),
    FOREIGN KEY (team_name) REFERENCES teams(team_name),
    FOREIGN KEY (season) REFERENCES seasons(season),
    FOREIGN KEY (division) REFERENCES divisions(abbreviation)
);


INSERT INTO adjustments (
	team_name,
    season,
	division,
    adjustment
) VALUES
	('Sunderland', '1890-91', 'FL', -2)
;

CREATE TABLE results (
    id INTEGER auto_increment,
    game_date DATE NOT NULL,
    home_team VARCHAR(50) NOT NULL,
    home_score INT NOT NULL,
    away_score INT NOT NULL,
    away_team VARCHAR(50) NOT NULL,
    season VARCHAR(10) NOT NULL,
    division VARCHAR(5) NOT NULL,
    PRIMARY KEY (id),
    FOREIGN KEY (home_team) REFERENCES teams(team_name),
    FOREIGN KEY (away_team) REFERENCES teams(team_name),
    FOREIGN KEY (season) REFERENCES seasons(season),
    FOREIGN KEY (division) REFERENCES divisions(abbreviation)
);

CREATE INDEX home_team_index ON results (home_team);
CREATE INDEX away_team_index ON results (away_team);

INSERT INTO results (
	game_date,
    home_team,
    home_score,
    away_score,
    away_team,
    season,
    division
) VALUES
('1888-09-08','Bolton Wanderers',3,6,'Derby County','1888-89','FL'),
('1888-09-08','Everton',2,1,'Accrington','1888-89','FL'),
('1888-09-08','Preston North End',5,2,'Burnley','1888-89','FL'),
('1888-09-08','Stoke',0,2,'West Bromwich Albion','1888-89','FL'),
('1888-09-08','Wolverhampton Wanderers',1,1,'Aston Villa','1888-89','FL'),
('1888-09-15','Aston Villa',5,1,'Stoke','1888-89','FL'),
('1888-09-15','Blackburn Rovers',5,5,'Accrington','1888-89','FL'),
('1888-09-15','Bolton Wanderers',3,4,'Burnley','1888-89','FL'),
('1888-09-15','Derby County',1,2,'West Bromwich Albion','1888-89','FL'),
('1888-09-15','Everton',2,1,'Notts County','1888-89','FL'),
('1888-09-15','Wolverhampton Wanderers',0,4,'Preston North End','1888-89','FL'),
('1888-09-22','Aston Villa',2,1,'Everton','1888-89','FL'),
('1888-09-22','Blackburn Rovers',6,2,'West Bromwich Albion','1888-89','FL'),
('1888-09-22','Derby County',1,1,'Accrington','1888-89','FL'),
('1888-09-22','Preston North End',3,1,'Bolton Wanderers','1888-89','FL'),
('1888-09-22','Stoke',3,0,'Notts County','1888-89','FL'),
('1888-09-22','Wolverhampton Wanderers',4,1,'Burnley','1888-89','FL'),
('1888-09-29','Aston Villa',9,1,'Notts County','1888-89','FL'),
('1888-09-29','Bolton Wanderers',6,2,'Everton','1888-89','FL'),
('1888-09-29','Derby County',2,3,'Preston North End','1888-89','FL'),
('1888-09-29','Stoke',2,4,'Accrington','1888-89','FL'),
('1888-09-29','West Bromwich Albion',4,3,'Burnley','1888-89','FL'),
('1888-09-29','Wolverhampton Wanderers',2,2,'Blackburn Rovers','1888-89','FL'),
('1888-10-06','Accrington',4,4,'Wolverhampton Wanderers','1888-89','FL'),
('1888-10-06','Burnley',4,1,'Bolton Wanderers','1888-89','FL'),
('1888-10-06','Everton',2,0,'Aston Villa','1888-89','FL'),
('1888-10-06','Notts County',3,3,'Blackburn Rovers','1888-89','FL'),
('1888-10-06','Preston North End',7,0,'Stoke','1888-89','FL'),
('1888-10-06','West Bromwich Albion',5,0,'Derby County','1888-89','FL'),
('1888-10-13','Accrington',6,2,'Derby County','1888-89','FL'),
('1888-10-13','Aston Villa',6,1,'Blackburn Rovers','1888-89','FL'),
('1888-10-13','Bolton Wanderers',2,1,'Stoke','1888-89','FL'),
('1888-10-13','Burnley',0,4,'Wolverhampton Wanderers','1888-89','FL'),
('1888-10-13','Notts County',3,1,'Everton','1888-89','FL'),
('1888-10-13','Preston North End',3,0,'West Bromwich Albion','1888-89','FL'),
('1888-10-20','Accrington',0,0,'Preston North End','1888-89','FL'),
('1888-10-20','Blackburn Rovers',2,2,'Wolverhampton Wanderers','1888-89','FL'),
('1888-10-20','Bolton Wanderers',2,3,'Aston Villa','1888-89','FL'),
('1888-10-20','Derby County',2,4,'Everton','1888-89','FL'),
('1888-10-20','Stoke',4,3,'Burnley','1888-89','FL'),
('1888-10-20','West Bromwich Albion',4,2,'Notts County','1888-89','FL'),
('1888-10-27','Aston Villa',4,3,'Accrington','1888-89','FL'),
('1888-10-27','Blackburn Rovers',5,2,'Stoke','1888-89','FL'),
('1888-10-27','Everton',6,2,'Derby County','1888-89','FL'),
('1888-10-27','Notts County',6,1,'Burnley','1888-89','FL'),
('1888-10-27','Preston North End',5,2,'Wolverhampton Wanderers','1888-89','FL'),
('1888-11-03','Burnley',1,7,'Blackburn Rovers','1888-89','FL'),
('1888-11-03','Everton',2,1,'Bolton Wanderers','1888-89','FL'),
('1888-11-03','Notts County',0,7,'Preston North End','1888-89','FL'),
('1888-11-03','Stoke',1,1,'Aston Villa','1888-89','FL'),
('1888-11-03','West Bromwich Albion',2,2,'Accrington','1888-89','FL'),
('1888-11-03','Wolverhampton Wanderers',4,1,'Derby County','1888-89','FL'),
('1888-11-05','West Bromwich Albion',1,5,'Bolton Wanderers','1888-89','FL'),
('1888-11-10','Blackburn Rovers',3,0,'Everton','1888-89','FL'),
('1888-11-10','Burnley',2,0,'West Bromwich Albion','1888-89','FL'),
('1888-11-10','Notts County',3,3,'Accrington','1888-89','FL'),
('1888-11-10','Preston North End',1,1,'Aston Villa','1888-89','FL'),
('1888-11-10','Wolverhampton Wanderers',3,2,'Bolton Wanderers','1888-89','FL'),
('1888-11-12','Stoke',0,3,'Preston North End','1888-89','FL'),
('1888-11-17','Blackburn Rovers',5,1,'Aston Villa','1888-89','FL'),
('1888-11-17','Bolton Wanderers',1,2,'West Bromwich Albion','1888-89','FL'),
('1888-11-17','Burnley',2,2,'Everton','1888-89','FL'),
('1888-11-17','Preston North End',2,0,'Accrington','1888-89','FL'),
('1888-11-17','Stoke',0,1,'Wolverhampton Wanderers','1888-89','FL'),
('1888-11-24','Accrington',2,1,'West Bromwich Albion','1888-89','FL'),
('1888-11-24','Aston Villa',2,1,'Wolverhampton Wanderers','1888-89','FL'),
('1888-11-24','Bolton Wanderers',2,5,'Preston North End','1888-89','FL'),
('1888-11-24','Derby County',0,2,'Blackburn Rovers','1888-89','FL'),
('1888-11-24','Everton',3,2,'Burnley','1888-89','FL'),
('1888-11-24','Notts County',0,3,'Stoke','1888-89','FL'),
('1888-12-01','Accrington',5,1,'Burnley','1888-89','FL'),
('1888-12-01','Everton',1,4,'West Bromwich Albion','1888-89','FL'),
('1888-12-01','Stoke',2,1,'Blackburn Rovers','1888-89','FL'),
('1888-12-08','Blackburn Rovers',4,4,'Bolton Wanderers','1888-89','FL'),
('1888-12-08','Burnley',2,1,'Stoke','1888-89','FL'),
('1888-12-08','Notts County',2,4,'Aston Villa','1888-89','FL'),
('1888-12-08','Preston North End',5,0,'Derby County','1888-89','FL'),
('1888-12-08','Wolverhampton Wanderers',4,0,'Accrington','1888-89','FL'),
('1888-12-15','Accrington',1,1,'Aston Villa','1888-89','FL'),
('1888-12-15','Blackburn Rovers',5,2,'Notts County','1888-89','FL'),
('1888-12-15','Burnley',2,2,'Preston North End','1888-89','FL'),
('1888-12-15','Stoke',0,0,'Everton','1888-89','FL'),
('1888-12-15','Wolverhampton Wanderers',2,1,'West Bromwich Albion','1888-89','FL'),
('1888-12-22','Aston Villa',4,2,'Burnley','1888-89','FL'),
('1888-12-22','Bolton Wanderers',4,1,'Accrington','1888-89','FL'),
('1888-12-22','Derby County',3,2,'Notts County','1888-89','FL'),
('1888-12-22','Preston North End',3,0,'Everton','1888-89','FL'),
('1888-12-22','West Bromwich Albion',2,1,'Blackburn Rovers','1888-89','FL'),
('1888-12-22','Wolverhampton Wanderers',4,1,'Stoke','1888-89','FL'),
('1888-12-26','Derby County',2,3,'Bolton Wanderers','1888-89','FL'),
('1888-12-26','West Bromwich Albion',0,5,'Preston North End','1888-89','FL'),
('1888-12-29','Accrington',3,1,'Everton','1888-89','FL'),
('1888-12-29','Aston Villa',4,2,'Derby County','1888-89','FL'),
('1888-12-29','Bolton Wanderers',2,1,'Wolverhampton Wanderers','1888-89','FL'),
('1888-12-29','Burnley',1,0,'Notts County','1888-89','FL'),
('1888-12-29','Preston North End',1,0,'Blackburn Rovers','1888-89','FL'),
('1888-12-29','West Bromwich Albion',2,0,'Stoke','1888-89','FL'),
('1889-01-05','Burnley',4,0,'Aston Villa','1888-89','FL'),
('1889-01-05','Preston North End',4,1,'Notts County','1888-89','FL'),
('1889-01-05','West Bromwich Albion',1,3,'Wolverhampton Wanderers','1888-89','FL'),
('1889-01-12','Aston Villa',6,2,'Bolton Wanderers','1888-89','FL'),
('1889-01-12','Blackburn Rovers',2,2,'Preston North End','1888-89','FL'),
('1889-01-12','Burnley',2,2,'Accrington','1888-89','FL'),
('1889-01-12','Derby County',3,0,'Wolverhampton Wanderers','1888-89','FL'),
('1889-01-12','Everton',2,1,'Stoke','1888-89','FL'),
('1889-01-12','Notts County',2,1,'West Bromwich Albion','1888-89','FL'),
('1889-01-19','Accrington',0,2,'Blackburn Rovers','1888-89','FL'),
('1889-01-19','Aston Villa',2,0,'West Bromwich Albion','1888-89','FL'),
('1889-01-19','Burnley',1,0,'Derby County','1888-89','FL'),
('1889-01-19','Everton',0,2,'Preston North End','1888-89','FL'),
('1889-01-19','Notts County',3,0,'Wolverhampton Wanderers','1888-89','FL'),
('1889-01-19','Stoke',2,2,'Bolton Wanderers','1888-89','FL'),
('1889-01-26','Accrington',1,2,'Notts County','1888-89','FL'),
('1889-01-26','Bolton Wanderers',3,2,'Blackburn Rovers','1888-89','FL'),
('1889-01-26','Derby County',2,1,'Stoke','1888-89','FL'),
('1889-01-26','West Bromwich Albion',3,3,'Aston Villa','1888-89','FL'),
('1889-01-26','Wolverhampton Wanderers',5,0,'Everton','1888-89','FL'),
('1889-02-04','Blackburn Rovers',4,2,'Burnley','1888-89','FL'),
('1889-02-09','Aston Villa',0,2,'Preston North End','1888-89','FL'),
('1889-02-09','Everton',1,2,'Wolverhampton Wanderers','1888-89','FL'),
('1889-02-23','West Bromwich Albion',1,0,'Everton','1888-89','FL'),
('1889-02-23','Wolverhampton Wanderers',2,1,'Notts County','1888-89','FL'),
('1889-03-02','Derby County',1,0,'Burnley','1888-89','FL'),
('1889-03-05','Notts County',0,4,'Bolton Wanderers','1888-89','FL'),
('1889-03-09','Bolton Wanderers',7,3,'Notts County','1888-89','FL'),
('1889-03-09','Derby County',5,2,'Aston Villa','1888-89','FL'),
('1889-03-16','Notts County',3,5,'Derby County','1888-89','FL'),
('1889-03-23','Accrington',2,3,'Bolton Wanderers','1888-89','FL'),
('1889-03-30','Everton',3,1,'Blackburn Rovers','1888-89','FL'),
('1889-04-06','Stoke',1,1,'Derby County','1888-89','FL'),
('1889-04-15','Blackburn Rovers',3,0,'Derby County','1888-89','FL'),
('1889-04-20','Accrington',2,0,'Stoke','1888-89','FL'),
('1889-09-07','Aston Villa',2,2,'Burnley','1889-90','FL'),
('1889-09-07','Everton',3,2,'Blackburn Rovers','1889-90','FL'),
('1889-09-07','Stoke',1,1,'Derby County','1889-90','FL'),
('1889-09-07','Wolverhampton Wanderers',2,0,'Notts County','1889-90','FL'),
('1889-09-14','Aston Villa',1,1,'Notts County','1889-90','FL'),
('1889-09-14','Blackburn Rovers',4,3,'Wolverhampton Wanderers','1889-90','FL'),
('1889-09-14','Bolton Wanderers',2,4,'Accrington','1889-90','FL'),
('1889-09-14','Derby County',3,1,'West Bromwich Albion','1889-90','FL'),
('1889-09-14','Everton',2,1,'Burnley','1889-90','FL'),
('1889-09-14','Preston North End',10,0,'Stoke','1889-90','FL'),
('1889-09-16','Wolverhampton Wanderers',2,1,'Everton','1889-90','FL'),
('1889-09-21','Aston Villa',5,3,'Preston North End','1889-90','FL'),
('1889-09-21','Blackburn Rovers',4,2,'Derby County','1889-90','FL'),
('1889-09-21','Bolton Wanderers',3,4,'Everton','1889-90','FL'),
('1889-09-21','Burnley',2,2,'Accrington','1889-90','FL'),
('1889-09-21','Notts County',1,2,'West Bromwich Albion','1889-90','FL'),
('1889-09-28','Accrington',2,2,'Blackburn Rovers','1889-90','FL'),
('1889-09-28','Burnley',0,3,'Preston North End','1889-90','FL'),
('1889-09-28','Derby County',2,0,'Notts County','1889-90','FL'),
('1889-09-28','Everton',3,0,'Bolton Wanderers','1889-90','FL'),
('1889-09-28','Stoke',2,1,'Wolverhampton Wanderers','1889-90','FL'),
('1889-09-28','West Bromwich Albion',3,0,'Aston Villa','1889-90','FL'),
('1889-09-30','Everton',1,1,'Wolverhampton Wanderers','1889-90','FL'),
('1889-10-05','Burnley',2,6,'Aston Villa','1889-90','FL'),
('1889-10-05','Derby County',2,2,'Everton','1889-90','FL'),
('1889-10-05','Notts County',3,1,'Stoke','1889-90','FL'),
('1889-10-05','Preston North End',5,0,'West Bromwich Albion','1889-90','FL'),
('1889-10-05','Wolverhampton Wanderers',2,1,'Accrington','1889-90','FL'),
('1889-10-12','Accrington',1,8,'Notts County','1889-90','FL'),
('1889-10-12','Aston Villa',7,1,'Derby County','1889-90','FL'),
('1889-10-12','Bolton Wanderers',2,6,'Preston North End','1889-90','FL'),
('1889-10-12','Burnley',1,2,'West Bromwich Albion','1889-90','FL'),
('1889-10-12','Wolverhampton Wanderers',2,2,'Stoke','1889-90','FL'),
('1889-10-19','Accrington',2,2,'Burnley','1889-90','FL'),
('1889-10-19','Blackburn Rovers',7,0,'Aston Villa','1889-90','FL'),
('1889-10-19','Derby County',2,1,'Preston North End','1889-90','FL'),
('1889-10-19','Notts County',4,3,'Everton','1889-90','FL'),
('1889-10-19','Stoke',0,1,'Bolton Wanderers','1889-90','FL'),
('1889-10-19','West Bromwich Albion',1,4,'Wolverhampton Wanderers','1889-90','FL'),
('1889-10-26','Aston Villa',1,0,'West Bromwich Albion','1889-90','FL'),
('1889-10-26','Blackburn Rovers',7,1,'Burnley','1889-90','FL'),
('1889-10-26','Bolton Wanderers',0,4,'Notts County','1889-90','FL'),
('1889-10-26','Derby County',2,0,'Stoke','1889-90','FL'),
('1889-10-26','Everton',2,2,'Accrington','1889-90','FL'),
('1889-10-26','Preston North End',0,2,'Wolverhampton Wanderers','1889-90','FL'),
('1889-11-02','Aston Villa',2,1,'Wolverhampton Wanderers','1889-90','FL'),
('1889-11-02','Blackburn Rovers',3,4,'Preston North End','1889-90','FL'),
('1889-11-02','Everton',8,0,'Stoke','1889-90','FL'),
('1889-11-02','Notts County',1,1,'Burnley','1889-90','FL'),
('1889-11-04','West Bromwich Albion',6,3,'Bolton Wanderers','1889-90','FL'),
('1889-11-09','Bolton Wanderers',3,2,'Blackburn Rovers','1889-90','FL'),
('1889-11-09','Burnley',1,2,'Wolverhampton Wanderers','1889-90','FL'),
('1889-11-09','Notts County',1,1,'Aston Villa','1889-90','FL'),
('1889-11-09','Preston North End',3,1,'Accrington','1889-90','FL'),
('1889-11-09','Stoke',1,2,'Everton','1889-90','FL'),
('1889-11-09','West Bromwich Albion',2,3,'Derby County','1889-90','FL'),
('1889-11-11','Stoke',1,2,'Preston North End','1889-90','FL'),
('1889-11-16','Accrington',6,1,'Derby County','1889-90','FL'),
('1889-11-16','Blackburn Rovers',9,1,'Notts County','1889-90','FL'),
('1889-11-16','Bolton Wanderers',2,0,'Aston Villa','1889-90','FL'),
('1889-11-16','Everton',1,5,'Preston North End','1889-90','FL'),
('1889-11-16','Stoke',1,3,'West Bromwich Albion','1889-90','FL'),
('1889-11-23','Aston Villa',1,2,'Everton','1889-90','FL'),
('1889-11-23','Blackburn Rovers',3,2,'Accrington','1889-90','FL'),
('1889-11-23','Derby County',3,3,'Wolverhampton Wanderers','1889-90','FL'),
('1889-11-23','Preston North End',3,1,'Bolton Wanderers','1889-90','FL'),
('1889-11-23','West Bromwich Albion',6,1,'Burnley','1889-90','FL'),
('1889-11-30','Accrington',4,2,'Aston Villa','1889-90','FL'),
('1889-11-30','Blackburn Rovers',5,0,'West Bromwich Albion','1889-90','FL'),
('1889-11-30','Bolton Wanderers',7,1,'Derby County','1889-90','FL'),
('1889-11-30','Preston North End',6,0,'Burnley','1889-90','FL'),
('1889-12-07','Aston Villa',6,1,'Stoke','1889-90','FL'),
('1889-12-07','Bolton Wanderers',7,0,'West Bromwich Albion','1889-90','FL'),
('1889-12-07','Everton',5,3,'Notts County','1889-90','FL'),
('1889-12-07','Preston North End',1,1,'Blackburn Rovers','1889-90','FL'),
('1889-12-07','Wolverhampton Wanderers',9,1,'Burnley','1889-90','FL'),
('1889-12-14','Notts County',0,2,'Wolverhampton Wanderers','1889-90','FL'),
('1889-12-21','Blackburn Rovers',7,1,'Bolton Wanderers','1889-90','FL'),
('1889-12-21','Notts County',3,1,'Derby County','1889-90','FL'),
('1889-12-21','Preston North End',1,2,'Everton','1889-90','FL'),
('1889-12-21','West Bromwich Albion',4,1,'Accrington','1889-90','FL'),
('1889-12-21','Wolverhampton Wanderers',1,1,'Aston Villa','1889-90','FL'),
('1889-12-23','Stoke',0,3,'Blackburn Rovers','1889-90','FL'),
('1889-12-25','Preston North End',3,2,'Aston Villa','1889-90','FL'),
('1889-12-26','Aston Villa',1,2,'Accrington','1889-90','FL'),
('1889-12-26','Derby County',3,2,'Bolton Wanderers','1889-90','FL'),
('1889-12-26','West Bromwich Albion',2,2,'Preston North End','1889-90','FL'),
('1889-12-26','Wolverhampton Wanderers',2,4,'Blackburn Rovers','1889-90','FL'),
('1889-12-28','Accrington',2,1,'Stoke','1889-90','FL'),
('1889-12-28','Blackburn Rovers',2,4,'Everton','1889-90','FL'),
('1889-12-28','Derby County',5,0,'Aston Villa','1889-90','FL'),
('1889-12-28','Wolverhampton Wanderers',1,1,'West Bromwich Albion','1889-90','FL'),
('1890-01-01','Accrington',6,3,'Wolverhampton Wanderers','1889-90','FL'),
('1890-01-04','Accrington',3,1,'Bolton Wanderers','1889-90','FL'),
('1890-01-04','Blackburn Rovers',8,0,'Stoke','1889-90','FL'),
('1890-01-04','Derby County',4,1,'Burnley','1889-90','FL'),
('1890-01-04','Everton',7,0,'Aston Villa','1889-90','FL'),
('1890-01-04','West Bromwich Albion',4,2,'Notts County','1889-90','FL'),
('1890-01-04','Wolverhampton Wanderers',0,1,'Preston North End','1889-90','FL'),
('1890-01-11','Burnley',1,3,'Stoke','1889-90','FL'),
('1890-01-11','Notts County',3,5,'Bolton Wanderers','1889-90','FL'),
('1890-01-11','Preston North End',5,0,'Derby County','1889-90','FL'),
('1890-01-11','West Bromwich Albion',3,2,'Blackburn Rovers','1889-90','FL'),
('1890-01-25','Aston Villa',1,2,'Bolton Wanderers','1889-90','FL'),
('1890-01-25','Wolverhampton Wanderers',2,1,'Derby County','1889-90','FL'),
('1890-02-08','Accrington',0,0,'West Bromwich Albion','1889-90','FL'),
('1890-02-08','Bolton Wanderers',5,0,'Stoke','1889-90','FL'),
('1890-02-08','Burnley',0,1,'Everton','1889-90','FL'),
('1890-02-08','Derby County',4,0,'Blackburn Rovers','1889-90','FL'),
('1890-02-15','Derby County',2,3,'Accrington','1889-90','FL'),
('1890-02-18','Notts County',1,1,'Blackburn Rovers','1889-90','FL'),
('1890-02-22','Accrington',5,3,'Everton','1889-90','FL'),
('1890-02-22','Burnley',1,2,'Blackburn Rovers','1889-90','FL'),
('1890-02-24','Bolton Wanderers',4,1,'Wolverhampton Wanderers','1889-90','FL'),
('1890-03-01','Burnley',7,0,'Bolton Wanderers','1889-90','FL'),
('1890-03-01','Preston North End',4,3,'Notts County','1889-90','FL'),
('1890-03-01','Stoke',7,1,'Accrington','1889-90','FL'),
('1890-03-08','Burnley',2,0,'Derby County','1889-90','FL'),
('1890-03-08','Everton',5,1,'West Bromwich Albion','1889-90','FL'),
('1890-03-10','Stoke',3,4,'Burnley','1889-90','FL'),
('1890-03-13','Notts County',3,1,'Accrington','1889-90','FL'),
('1890-03-15','Accrington',2,2,'Preston North End','1889-90','FL'),
('1890-03-15','Burnley',3,0,'Notts County','1889-90','FL'),
('1890-03-15','Everton',3,0,'Derby County','1889-90','FL'),
('1890-03-15','West Bromwich Albion',2,1,'Stoke','1889-90','FL'),
('1890-03-15','Wolverhampton Wanderers',5,1,'Bolton Wanderers','1889-90','FL'),
('1890-03-17','Bolton Wanderers',2,2,'Burnley','1889-90','FL'),
('1890-03-17','Stoke',1,1,'Aston Villa','1889-90','FL'),
('1890-03-22','West Bromwich Albion',4,1,'Everton','1889-90','FL'),
('1890-03-24','Stoke',1,1,'Notts County','1889-90','FL'),
('1890-03-27','Notts County',0,1,'Preston North End','1889-90','FL'),
('1890-03-31','Aston Villa',3,0,'Blackburn Rovers','1889-90','FL'),
('1890-09-06','Accrington',1,1,'Burnley','1890-91','FL'),
('1890-09-06','Bolton Wanderers',4,2,'Notts County','1890-91','FL'),
('1890-09-06','Derby County',8,5,'Blackburn Rovers','1890-91','FL'),
('1890-09-06','West Bromwich Albion',1,4,'Everton','1890-91','FL'),
('1890-09-06','Wolverhampton Wanderers',2,1,'Aston Villa','1890-91','FL'),
('1890-09-13','Aston Villa',3,2,'Notts County','1890-91','FL'),
('1890-09-13','Blackburn Rovers',0,0,'Accrington','1890-91','FL'),
('1890-09-13','Bolton Wanderers',3,1,'Derby County','1890-91','FL'),
('1890-09-13','Everton',5,0,'Wolverhampton Wanderers','1890-91','FL'),
('1890-09-13','Preston North End',3,0,'West Bromwich Albion','1890-91','FL'),
('1890-09-13','Sunderland',2,3,'Burnley','1890-91','FL'),
('1890-09-15','Sunderland',3,4,'Wolverhampton Wanderers','1890-91','FL'),
('1890-09-20','Bolton Wanderers',0,5,'Everton','1890-91','FL'),
('1890-09-20','Burnley',2,1,'Aston Villa','1890-91','FL'),
('1890-09-20','Derby County',1,3,'Preston North End','1890-91','FL'),
('1890-09-20','Notts County',5,0,'Accrington','1890-91','FL'),
('1890-09-20','West Bromwich Albion',0,4,'Sunderland','1890-91','FL'),
('1890-09-22','Wolverhampton Wanderers',1,1,'Notts County','1890-91','FL'),
('1890-09-27','Accrington',1,2,'Everton','1890-91','FL'),
('1890-09-27','Aston Villa',0,4,'West Bromwich Albion','1890-91','FL'),
('1890-09-27','Blackburn Rovers',2,3,'Wolverhampton Wanderers','1890-91','FL'),
('1890-09-27','Burnley',3,3,'Sunderland','1890-91','FL'),
('1890-09-27','Notts County',2,1,'Derby County','1890-91','FL'),
('1890-09-27','Preston North End',1,0,'Bolton Wanderers','1890-91','FL'),
('1890-10-02','Notts County',3,1,'Bolton Wanderers','1890-91','FL'),
('1890-10-04','Bolton Wanderers',4,0,'Aston Villa','1890-91','FL'),
('1890-10-04','Everton',7,0,'Derby County','1890-91','FL'),
('1890-10-04','Preston North End',1,2,'Blackburn Rovers','1890-91','FL'),
('1890-10-04','West Bromwich Albion',3,1,'Burnley','1890-91','FL'),
('1890-10-04','Wolverhampton Wanderers',3,0,'Accrington','1890-91','FL'),
('1890-10-11','Accrington',1,3,'Preston North End','1890-91','FL'),
('1890-10-11','Aston Villa',2,2,'Everton','1890-91','FL'),
('1890-10-11','Blackburn Rovers',3,2,'Sunderland','1890-91','FL'),
('1890-10-11','Burnley',1,2,'Bolton Wanderers','1890-91','FL'),
('1890-10-11','Notts County',3,2,'West Bromwich Albion','1890-91','FL'),
('1890-10-11','Wolverhampton Wanderers',5,1,'Derby County','1890-91','FL'),
('1890-10-18','Burnley',1,6,'Blackburn Rovers','1890-91','FL'),
('1890-10-18','Derby County',5,4,'Aston Villa','1890-91','FL'),
('1890-10-18','Everton',2,0,'Bolton Wanderers','1890-91','FL'),
('1890-10-18','Preston North End',5,1,'Wolverhampton Wanderers','1890-91','FL'),
('1890-10-18','Sunderland',2,2,'Accrington','1890-91','FL'),
('1890-10-18','West Bromwich Albion',1,1,'Notts County','1890-91','FL'),
('1890-10-25','Accrington',3,2,'Notts County','1890-91','FL'),
('1890-10-25','Aston Villa',4,0,'Derby County','1890-91','FL'),
('1890-10-25','Blackburn Rovers',1,0,'Preston North End','1890-91','FL'),
('1890-10-25','Bolton Wanderers',2,5,'Sunderland','1890-91','FL'),
('1890-10-25','Everton',2,3,'West Bromwich Albion','1890-91','FL'),
('1890-10-25','Wolverhampton Wanderers',3,1,'Burnley','1890-91','FL'),
('1890-11-01','Burnley',4,2,'Wolverhampton Wanderers','1890-91','FL'),
('1890-11-01','Notts County',3,1,'Everton','1890-91','FL'),
('1890-11-01','Preston North End',1,1,'Accrington','1890-91','FL'),
('1890-11-01','Sunderland',3,1,'Blackburn Rovers','1890-91','FL'),
('1890-11-01','West Bromwich Albion',0,3,'Aston Villa','1890-91','FL'),
('1890-11-03','West Bromwich Albion',2,4,'Bolton Wanderers','1890-91','FL'),
('1890-11-08','Accrington',4,0,'Derby County','1890-91','FL'),
('1890-11-08','Aston Villa',4,4,'Burnley','1890-91','FL'),
('1890-11-08','Blackburn Rovers',2,1,'Everton','1890-91','FL'),
('1890-11-08','Preston North End',0,0,'Notts County','1890-91','FL'),
('1890-11-08','Sunderland',1,1,'West Bromwich Albion','1890-91','FL'),
('1890-11-08','Wolverhampton Wanderers',1,0,'Bolton Wanderers','1890-91','FL'),
('1890-11-15','Aston Villa',3,1,'Accrington','1890-91','FL'),
('1890-11-15','Bolton Wanderers',1,0,'Preston North End','1890-91','FL'),
('1890-11-15','Burnley',6,1,'Derby County','1890-91','FL'),
('1890-11-15','Everton',1,0,'Sunderland','1890-91','FL'),
('1890-11-15','Notts County',1,2,'Blackburn Rovers','1890-91','FL'),
('1890-11-22','Accrington',4,1,'Sunderland','1890-91','FL'),
('1890-11-22','Aston Villa',5,0,'Bolton Wanderers','1890-91','FL'),
('1890-11-22','Blackburn Rovers',5,2,'Burnley','1890-91','FL'),
('1890-11-22','Derby County',3,1,'West Bromwich Albion','1890-91','FL'),
('1890-11-22','Notts County',1,1,'Wolverhampton Wanderers','1890-91','FL'),
('1890-11-22','Preston North End',2,0,'Everton','1890-91','FL'),
('1890-11-29','Burnley',2,0,'Accrington','1890-91','FL'),
('1890-11-29','Everton',3,1,'Blackburn Rovers','1890-91','FL'),
('1890-11-29','Notts County',7,1,'Aston Villa','1890-91','FL'),
('1890-11-29','West Bromwich Albion',3,4,'Derby County','1890-91','FL'),
('1890-11-29','Wolverhampton Wanderers',2,0,'Preston North End','1890-91','FL'),
('1890-12-06','Blackburn Rovers',5,1,'Aston Villa','1890-91','FL'),
('1890-12-06','Burnley',5,4,'West Bromwich Albion','1890-91','FL'),
('1890-12-06','Derby County',1,2,'Accrington','1890-91','FL'),
('1890-12-06','Notts County',2,1,'Preston North End','1890-91','FL'),
('1890-12-06','Wolverhampton Wanderers',0,1,'Everton','1890-91','FL'),
('1890-12-13','Aston Villa',2,2,'Blackburn Rovers','1890-91','FL'),
('1890-12-13','Bolton Wanderers',6,0,'Accrington','1890-91','FL'),
('1890-12-13','Derby County',2,6,'Everton','1890-91','FL'),
('1890-12-13','West Bromwich Albion',0,1,'Wolverhampton Wanderers','1890-91','FL'),
('1890-12-15','Notts County',2,1,'Sunderland','1890-91','FL'),
('1890-12-20','Blackburn Rovers',2,1,'West Bromwich Albion','1890-91','FL'),
('1890-12-20','Burnley',0,1,'Notts County','1890-91','FL'),
('1890-12-20','Preston North End',6,0,'Derby County','1890-91','FL'),
('1890-12-20','Sunderland',1,0,'Everton','1890-91','FL'),
('1890-12-26','Aston Villa',0,0,'Sunderland','1890-91','FL'),
('1890-12-26','Derby County',1,1,'Bolton Wanderers','1890-91','FL'),
('1890-12-26','Everton',3,2,'Accrington','1890-91','FL'),
('1890-12-26','Wolverhampton Wanderers',2,0,'Blackburn Rovers','1890-91','FL'),
('1890-12-27','Derby County',3,1,'Notts County','1890-91','FL'),
('1890-12-27','Everton',7,3,'Burnley','1890-91','FL'),
('1890-12-27','Wolverhampton Wanderers',0,3,'Sunderland','1890-91','FL'),
('1890-12-29','Bolton Wanderers',6,0,'Wolverhampton Wanderers','1890-91','FL'),
('1891-01-01','Accrington',1,2,'Wolverhampton Wanderers','1890-91','FL'),
('1891-01-01','Everton',5,0,'Aston Villa','1890-91','FL'),
('1891-01-03','Blackburn Rovers',8,0,'Derby County','1890-91','FL'),
('1891-01-03','Everton',4,2,'Notts County','1890-91','FL'),
('1891-01-03','Wolverhampton Wanderers',4,0,'West Bromwich Albion','1890-91','FL'),
('1891-01-10','Accrington',2,1,'Bolton Wanderers','1890-91','FL'),
('1891-01-10','Derby County',9,0,'Wolverhampton Wanderers','1890-91','FL'),
('1891-01-10','Everton',0,1,'Preston North End','1890-91','FL'),
('1891-01-10','Sunderland',5,1,'Aston Villa','1890-91','FL'),
('1891-01-24','Derby County',2,4,'Burnley','1890-91','FL'),
('1891-01-24','Preston North End',4,1,'Aston Villa','1890-91','FL'),
('1891-01-24','Sunderland',4,0,'Notts County','1890-91','FL'),
('1891-02-05','Preston North End',7,0,'Burnley','1890-91','FL'),
('1891-02-07','Derby County',3,1,'Sunderland','1890-91','FL'),
('1891-02-07','West Bromwich Albion',1,3,'Preston North End','1890-91','FL'),
('1891-02-10','Notts County',4,0,'Burnley','1890-91','FL'),
('1891-02-10','Sunderland',2,0,'Bolton Wanderers','1890-91','FL'),
('1891-02-21','Preston North End',0,0,'Sunderland','1890-91','FL'),
('1891-03-04','Accrington',0,4,'Blackburn Rovers','1890-91','FL'),
('1891-03-07','Blackburn Rovers',0,2,'Bolton Wanderers','1890-91','FL'),
('1891-03-07','Burnley',6,2,'Preston North End','1890-91','FL'),
('1891-03-07','West Bromwich Albion',5,1,'Accrington','1890-91','FL'),
('1891-03-09','Aston Villa',0,1,'Preston North End','1890-91','FL'),
('1891-03-09','West Bromwich Albion',1,0,'Blackburn Rovers','1890-91','FL'),
('1891-03-14','Aston Villa',6,2,'Wolverhampton Wanderers','1890-91','FL'),
('1891-03-14','Blackburn Rovers',1,7,'Notts County','1890-91','FL'),
('1891-03-14','Bolton Wanderers',7,1,'West Bromwich Albion','1890-91','FL'),
('1891-03-14','Burnley',3,2,'Everton','1890-91','FL'),
('1891-03-14','Sunderland',3,0,'Preston North End','1890-91','FL'),
('1891-03-21','Accrington',1,3,'Aston Villa','1890-91','FL'),
('1891-03-21','Bolton Wanderers',1,0,'Burnley','1890-91','FL'),
('1891-03-21','Sunderland',5,1,'Derby County','1890-91','FL'),
('1891-03-28','Bolton Wanderers',2,0,'Blackburn Rovers','1890-91','FL'),
('1891-04-18','Accrington',1,0,'West Bromwich Albion','1890-91','FL'),
('1891-09-05','Accrington',1,0,'Burnley','1891-92','FL'),
('1891-09-05','Aston Villa',5,1,'Blackburn Rovers','1891-92','FL'),
('1891-09-05','Darwen',1,2,'Bolton Wanderers','1891-92','FL'),
('1891-09-05','Notts County',2,0,'Preston North End','1891-92','FL'),
('1891-09-05','Stoke',2,1,'Derby County','1891-92','FL'),
('1891-09-05','Sunderland',5,2,'Wolverhampton Wanderers','1891-92','FL'),
('1891-09-05','West Bromwich Albion',4,0,'Everton','1891-92','FL'),
('1891-09-07','Burnley',2,0,'Preston North End','1891-92','FL'),
('1891-09-07','Everton',5,3,'Darwen','1891-92','FL'),
('1891-09-12','Aston Villa',5,1,'West Bromwich Albion','1891-92','FL'),
('1891-09-12','Blackburn Rovers',5,4,'Notts County','1891-92','FL'),
('1891-09-12','Bolton Wanderers',1,0,'Darwen','1891-92','FL'),
('1891-09-12','Derby County',3,1,'Accrington','1891-92','FL'),
('1891-09-12','Preston North End',3,1,'Sunderland','1891-92','FL'),
('1891-09-12','Stoke',1,3,'Wolverhampton Wanderers','1891-92','FL'),
('1891-09-14','Wolverhampton Wanderers',5,0,'Accrington','1891-92','FL'),
('1891-09-19','Bolton Wanderers',4,3,'Sunderland','1891-92','FL'),
('1891-09-19','Burnley',4,1,'Stoke','1891-92','FL'),
('1891-09-19','Darwen',5,2,'Accrington','1891-92','FL'),
('1891-09-19','Derby County',3,0,'Notts County','1891-92','FL'),
('1891-09-19','Everton',3,1,'Blackburn Rovers','1891-92','FL'),
('1891-09-19','Preston North End',0,1,'Aston Villa','1891-92','FL'),
('1891-09-19','West Bromwich Albion',4,3,'Wolverhampton Wanderers','1891-92','FL'),
('1891-09-21','Preston North End',5,1,'Burnley','1891-92','FL'),
('1891-09-26','Accrington',1,1,'Everton','1891-92','FL'),
('1891-09-26','Blackburn Rovers',3,3,'Burnley','1891-92','FL'),
('1891-09-26','Bolton Wanderers',3,0,'Preston North End','1891-92','FL'),
('1891-09-26','Notts County',1,1,'Stoke','1891-92','FL'),
('1891-09-26','Wolverhampton Wanderers',1,3,'Derby County','1891-92','FL'),
('1891-09-28','Aston Villa',5,3,'Sunderland','1891-92','FL'),
('1891-09-28','Wolverhampton Wanderers',2,2,'Darwen','1891-92','FL'),
('1891-10-01','Notts County',2,0,'Bolton Wanderers','1891-92','FL'),
('1891-10-03','Bolton Wanderers',3,4,'Accrington','1891-92','FL'),
('1891-10-03','Darwen',9,3,'Stoke','1891-92','FL'),
('1891-10-03','Derby County',4,2,'Aston Villa','1891-92','FL'),
('1891-10-03','Preston North End',2,0,'Wolverhampton Wanderers','1891-92','FL'),
('1891-10-03','Sunderland',2,1,'Everton','1891-92','FL'),
('1891-10-03','West Bromwich Albion',2,2,'Blackburn Rovers','1891-92','FL'),
('1891-10-10','Accrington',1,1,'Darwen','1891-92','FL'),
('1891-10-10','Aston Villa',1,2,'Bolton Wanderers','1891-92','FL'),
('1891-10-10','Blackburn Rovers',2,0,'Wolverhampton Wanderers','1891-92','FL'),
('1891-10-10','Everton',1,1,'Preston North End','1891-92','FL'),
('1891-10-10','Notts County',4,0,'West Bromwich Albion','1891-92','FL'),
('1891-10-10','Stoke',3,0,'Burnley','1891-92','FL'),
('1891-10-17','Bolton Wanderers',1,0,'Everton','1891-92','FL'),
('1891-10-17','Burnley',4,1,'Aston Villa','1891-92','FL'),
('1891-10-17','Darwen',3,5,'Blackburn Rovers','1891-92','FL'),
('1891-10-17','Derby County',3,3,'Stoke','1891-92','FL'),
('1891-10-17','West Bromwich Albion',2,5,'Sunderland','1891-92','FL'),
('1891-10-17','Wolverhampton Wanderers',2,1,'Notts County','1891-92','FL'),
('1891-10-24','Accrington',3,2,'Wolverhampton Wanderers','1891-92','FL'),
('1891-10-24','Blackburn Rovers',2,4,'Preston North End','1891-92','FL'),
('1891-10-24','Bolton Wanderers',2,0,'Burnley','1891-92','FL'),
('1891-10-24','Derby County',0,3,'Everton','1891-92','FL'),
('1891-10-24','Notts County',5,0,'Darwen','1891-92','FL'),
('1891-10-24','Stoke',2,3,'Aston Villa','1891-92','FL'),
('1891-10-24','Sunderland',4,0,'West Bromwich Albion','1891-92','FL'),
('1891-10-31','Bolton Wanderers',4,2,'Blackburn Rovers','1891-92','FL'),
('1891-10-31','Darwen',1,5,'Aston Villa','1891-92','FL'),
('1891-10-31','Derby County',2,1,'Wolverhampton Wanderers','1891-92','FL'),
('1891-10-31','Preston North End',4,0,'Everton','1891-92','FL'),
('1891-10-31','Sunderland',4,1,'Accrington','1891-92','FL'),
('1891-10-31','West Bromwich Albion',2,2,'Notts County','1891-92','FL'),
('1891-11-02','West Bromwich Albion',0,2,'Bolton Wanderers','1891-92','FL'),
('1891-11-07','Accrington',0,3,'Bolton Wanderers','1891-92','FL'),
('1891-11-07','Aston Villa',5,1,'Notts County','1891-92','FL'),
('1891-11-07','Blackburn Rovers',3,1,'Sunderland','1891-92','FL'),
('1891-11-07','Everton',4,3,'West Bromwich Albion','1891-92','FL'),
('1891-11-07','Stoke',0,1,'Preston North End','1891-92','FL'),
('1891-11-07','Wolverhampton Wanderers',0,0,'Burnley','1891-92','FL'),
('1891-11-09','Stoke',0,1,'Blackburn Rovers','1891-92','FL'),
('1891-11-14','Bolton Wanderers',1,1,'Stoke','1891-92','FL'),
('1891-11-14','Burnley',2,1,'Accrington','1891-92','FL'),
('1891-11-14','Darwen',3,1,'Everton','1891-92','FL'),
('1891-11-14','Notts County',2,2,'Wolverhampton Wanderers','1891-92','FL'),
('1891-11-14','Preston North End',3,2,'Blackburn Rovers','1891-92','FL'),
('1891-11-14','Sunderland',7,1,'Derby County','1891-92','FL'),
('1891-11-14','West Bromwich Albion',0,3,'Aston Villa','1891-92','FL'),
('1891-11-21','Accrington',2,0,'Notts County','1891-92','FL'),
('1891-11-21','Aston Villa',2,1,'Stoke','1891-92','FL'),
('1891-11-21','Blackburn Rovers',4,0,'Bolton Wanderers','1891-92','FL'),
('1891-11-21','Derby County',7,0,'Darwen','1891-92','FL'),
('1891-11-21','Sunderland',2,1,'Burnley','1891-92','FL'),
('1891-11-21','West Bromwich Albion',1,2,'Preston North End','1891-92','FL'),
('1891-11-21','Wolverhampton Wanderers',5,1,'Everton','1891-92','FL'),
('1891-11-28','Burnley',3,2,'West Bromwich Albion','1891-92','FL'),
('1891-11-28','Darwen',2,0,'Derby County','1891-92','FL'),
('1891-11-28','Everton',5,1,'Aston Villa','1891-92','FL'),
('1891-11-28','Notts County',9,0,'Accrington','1891-92','FL'),
('1891-11-28','Preston North End',4,0,'Bolton Wanderers','1891-92','FL'),
('1891-11-28','Stoke',1,3,'Sunderland','1891-92','FL'),
('1891-11-28','Wolverhampton Wanderers',6,1,'Blackburn Rovers','1891-92','FL'),
('1891-12-05','Aston Villa',6,1,'Burnley','1891-92','FL'),
('1891-12-05','Blackburn Rovers',2,2,'Everton','1891-92','FL'),
('1891-12-05','Bolton Wanderers',3,0,'Wolverhampton Wanderers','1891-92','FL'),
('1891-12-05','Derby County',1,2,'Preston North End','1891-92','FL'),
('1891-12-05','Stoke',5,1,'Darwen','1891-92','FL'),
('1891-12-05','Sunderland',4,0,'Notts County','1891-92','FL'),
('1891-12-05','West Bromwich Albion',3,1,'Accrington','1891-92','FL'),
('1891-12-12','Burnley',3,0,'Blackburn Rovers','1891-92','FL'),
('1891-12-12','Everton',2,1,'Wolverhampton Wanderers','1891-92','FL'),
('1891-12-12','Preston North End',6,0,'Notts County','1891-92','FL'),
('1891-12-12','Stoke',0,1,'Bolton Wanderers','1891-92','FL'),
('1891-12-12','Sunderland',7,0,'Darwen','1891-92','FL'),
('1891-12-12','West Bromwich Albion',4,2,'Derby County','1891-92','FL'),
('1891-12-19','Bolton Wanderers',1,1,'West Bromwich Albion','1891-92','FL'),
('1891-12-19','Derby County',0,1,'Burnley','1891-92','FL'),
('1891-12-19','Notts County',2,2,'Blackburn Rovers','1891-92','FL'),
('1891-12-19','Stoke',3,1,'Accrington','1891-92','FL'),
('1891-12-19','Wolverhampton Wanderers',2,0,'Aston Villa','1891-92','FL'),
('1891-12-25','Blackburn Rovers',4,0,'Darwen','1891-92','FL'),
('1891-12-25','Everton',0,4,'Sunderland','1891-92','FL'),
('1891-12-25','Preston North End',3,2,'Stoke','1891-92','FL'),
('1891-12-26','Aston Villa',7,0,'Darwen','1891-92','FL'),
('1891-12-26','Blackburn Rovers',2,2,'Accrington','1891-92','FL'),
('1891-12-26','Derby County',3,2,'Bolton Wanderers','1891-92','FL'),
('1891-12-26','West Bromwich Albion',1,0,'Burnley','1891-92','FL'),
('1891-12-26','Wolverhampton Wanderers',1,3,'Sunderland','1891-92','FL'),
('1891-12-28','Aston Villa',3,4,'Everton','1891-92','FL'),
('1891-12-28','Wolverhampton Wanderers',2,1,'West Bromwich Albion','1891-92','FL'),
('1892-01-01','Bolton Wanderers',3,1,'Derby County','1891-92','FL'),
('1892-01-01','Darwen',0,4,'Preston North End','1891-92','FL'),
('1892-01-02','Accrington',1,3,'Preston North End','1891-92','FL'),
('1892-01-02','Blackburn Rovers',0,2,'Derby County','1891-92','FL'),
('1892-01-02','Everton',1,1,'Burnley','1891-92','FL'),
('1892-01-02','Notts County',5,2,'Aston Villa','1891-92','FL'),
('1892-01-02','Wolverhampton Wanderers',4,1,'Stoke','1891-92','FL'),
('1892-01-04','Accrington',3,2,'Aston Villa','1891-92','FL'),
('1892-01-09','Accrington',3,0,'Stoke','1891-92','FL'),
('1892-01-09','Aston Villa',6,0,'Derby County','1891-92','FL'),
('1892-01-09','Burnley',9,0,'Darwen','1891-92','FL'),
('1892-01-09','Notts County',1,3,'Everton','1891-92','FL'),
('1892-01-09','Preston North End',1,0,'West Bromwich Albion','1891-92','FL'),
('1892-01-23','Accrington',4,2,'West Bromwich Albion','1891-92','FL'),
('1892-02-06','Derby County',1,1,'West Bromwich Albion','1891-92','FL'),
('1892-02-06','Stoke',1,3,'Notts County','1891-92','FL'),
('1892-02-13','Burnley',1,0,'Everton','1891-92','FL'),
('1892-02-20','Notts County',2,1,'Derby County','1891-92','FL'),
('1892-02-27','Accrington',1,0,'Blackburn Rovers','1891-92','FL'),
('1892-02-27','Darwen',2,3,'Notts County','1891-92','FL'),
('1892-03-01','Darwen',1,4,'Wolverhampton Wanderers','1891-92','FL'),
('1892-03-01','Notts County',5,1,'Burnley','1891-92','FL'),
('1892-03-01','Sunderland',4,1,'Bolton Wanderers','1891-92','FL'),
('1892-03-05','Accrington',3,5,'Sunderland','1891-92','FL'),
('1892-03-05','Blackburn Rovers',4,3,'Aston Villa','1891-92','FL'),
('1892-03-05','Burnley',1,2,'Bolton Wanderers','1891-92','FL'),
('1892-03-05','Everton',1,0,'Stoke','1891-92','FL'),
('1892-03-05','Preston North End',3,0,'Derby County','1891-92','FL'),
('1892-03-12','Aston Villa',12,2,'Accrington','1891-92','FL'),
('1892-03-12','Blackburn Rovers',3,2,'West Bromwich Albion','1891-92','FL'),
('1892-03-12','Stoke',0,1,'Everton','1891-92','FL'),
('1892-03-12','Sunderland',4,1,'Preston North End','1891-92','FL'),
('1892-03-19','Blackburn Rovers',5,3,'Stoke','1891-92','FL'),
('1892-03-19','Derby County',0,1,'Sunderland','1891-92','FL'),
('1892-03-19','Everton',3,0,'Accrington','1891-92','FL'),
('1892-03-26','Bolton Wanderers',2,0,'Notts County','1891-92','FL'),
('1892-03-26','Burnley',1,1,'Wolverhampton Wanderers','1891-92','FL'),
('1892-03-26','Derby County',1,1,'Blackburn Rovers','1891-92','FL'),
('1892-03-26','Sunderland',2,1,'Aston Villa','1891-92','FL'),
('1892-04-02','Accrington',1,1,'Derby County','1891-92','FL'),
('1892-04-02','Bolton Wanderers',1,2,'Aston Villa','1891-92','FL'),
('1892-04-02','Darwen',2,6,'Burnley','1891-92','FL'),
('1892-04-02','Sunderland',4,1,'Stoke','1891-92','FL'),
('1892-04-02','Wolverhampton Wanderers',3,0,'Preston North End','1891-92','FL'),
('1892-04-04','West Bromwich Albion',12,0,'Darwen','1891-92','FL'),
('1892-04-09','Notts County',1,0,'Sunderland','1891-92','FL'),
('1892-04-11','West Bromwich Albion',2,2,'Stoke','1891-92','FL'),
('1892-04-15','Burnley',1,0,'Notts County','1891-92','FL'),
('1892-04-15','Everton',1,2,'Derby County','1891-92','FL'),
('1892-04-15','Preston North End',4,1,'Accrington','1891-92','FL'),
('1892-04-16','Aston Villa',3,1,'Preston North End','1891-92','FL'),
('1892-04-16','Burnley',2,4,'Derby County','1891-92','FL'),
('1892-04-16','Darwen',1,1,'West Bromwich Albion','1891-92','FL'),
('1892-04-16','Everton',4,0,'Notts County','1891-92','FL'),
('1892-04-16','Sunderland',6,1,'Blackburn Rovers','1891-92','FL'),
('1892-04-16','Wolverhampton Wanderers',1,2,'Bolton Wanderers','1891-92','FL'),
('1892-04-18','Aston Villa',3,6,'Wolverhampton Wanderers','1891-92','FL'),
('1892-04-18','Everton',2,5,'Bolton Wanderers','1891-92','FL'),
('1892-04-18','Preston North End',4,0,'Darwen','1891-92','FL'),
('1892-04-23','Darwen',1,7,'Sunderland','1891-92','FL'),
('1892-04-23','Stoke',1,0,'West Bromwich Albion','1891-92','FL'),
('1892-04-30','Burnley',1,2,'Sunderland','1891-92','FL')
;

# To create a league table -
SELECT
	teams.team_name AS Team,
    SUM(if(teams.team_name = results.home_team OR teams.team_name = results.away_team,1,0)) AS P,
    SUM(if(teams.team_name = results.away_team
		AND results.away_score > results.home_score
        OR teams.team_name = results.home_team
        AND results.home_score > results.away_score,1,0))
        AS W,
    SUM(IF(results.away_score = results.home_score,1,0)) AS D,
	SUM(if(teams.team_name = results.away_team
		AND results.away_score < results.home_score
        OR teams.team_name = results.home_team
        AND results.home_score < results.away_score,1,0))
        AS L,
    SUM(IF(teams.team_name = results.home_team,results.home_score,0))
	+ SUM(IF(teams.team_name = results.away_team,results.away_score,0))
        AS F,
    SUM(IF(teams.team_name = results.home_team,results.away_score,0))
	+ SUM(IF(teams.team_name = results.away_team,results.home_score,0))
        AS A,
	ROUND((SUM(IF(teams.team_name = results.home_team,results.home_score,0)) + SUM(IF(teams.team_name = results.away_team,results.away_score,0))) / (SUM(IF(teams.team_name = results.home_team,results.away_score,0)) + SUM(IF(teams.team_name = results.away_team,results.home_score,0))),3)
		AS GA,
    SUM(if(teams.team_name = results.away_team
		AND results.away_score > results.home_score
        OR teams.team_name = results.home_team
        AND results.home_score > results.away_score,2,0))
    + SUM(IF(results.away_score = results.home_score,1,0))
    + (IF(teams.team_name = adjustments.team_name,adjustments.adjustment,0))
		AS Pts,
	IF(adjustments.adjustment IS NULL, '' , adjustments.adjustment) AS '+/-'
FROM teams
JOIN results ON teams.team_name = results.home_team 
    OR teams.team_name = results.away_team
LEFT JOIN adjustments ON teams.team_name = adjustments.team_name
	AND results.season = adjustments.season
WHERE results.division = 'FL' and results.season = '1890-91'
GROUP BY teams.team_name
ORDER BY Pts DESC, GA DESC, Team ASC;

# To create a list of results for one team -
SELECT
	game_date AS 'Date',
    IF(teams.team_name = results.home_team, results.away_team,results.home_team)
    AS Opponent,
    IF(teams.team_name = results.home_team, 'H', 'A') AS 'Ven.',
    CASE
		WHEN (teams.team_name = results.home_team AND results.home_score > results.away_score)
			OR (teams.team_name = results.away_team AND results.away_score > results.home_score)
				THEN 'W'
		WHEN results.home_score = results.away_score THEN 'D' 
		WHEN (teams.team_name = results.home_team AND results.home_score < results.away_score)
			OR (teams.team_name = results.away_team AND results.away_score < results.home_score)
				THEN 'L' 
		END as 'Res.',
    IF(teams.team_name = results.home_team, results.home_score, results.away_score) AS F,
    IF(teams.team_name = results.home_team, results.away_score, results.home_score) AS A
FROM results
JOIN teams ON results.home_team = teams.team_name 
    OR results.away_team = teams.team_name
JOIN clubs ON teams.club_id = clubs.id
WHERE teams.team_name = 'Burnley' AND season = '1888-89' 
	OR clubs.club_name = 'Burnley' AND season = '1888-89'
ORDER BY game_date ASC;

# To create a list of head-to-head results between two teams -
SELECT
	game_date AS 'Date',
    division AS 'Div.',
    home_team AS 'Home Team',
    home_score AS 'Sc.',
    away_score AS 'Sc.',
    away_team AS 'Away Team'
FROM results
WHERE home_team = 'West Bromwich Albion' AND away_team = 'Wolverhampton Wanderers'
	OR home_team = 'Wolverhampton Wanderers' AND away_team = 'West Bromwich Albion'
ORDER BY game_date ASC;